{
    "Logistic Regression": {
        "accuracy": 0.795,
        "precision": 0.8064516129032258,
        "recall": 0.7653061224489796,
        "f1": 0.7853403141361257,
        "roc_auc": 0.8669467787114846
    },
    "Random Forest": {
        "accuracy": 0.81,
        "precision": 0.8260869565217391,
        "recall": 0.7755102040816326,
        "f1": 0.8,
        "roc_auc": 0.8621448579431773
    },
    "SVM": {
        "accuracy": 0.79,
        "precision": 0.8181818181818182,
        "recall": 0.7346938775510204,
        "f1": 0.7741935483870968,
        "roc_auc": 0.863095238095238
    },
    "best_model": "Logistic Regression"
}